,hist_mean,hist_std,1990_2019_mean,rcp45_mean,rcp45_max,rcp85_mean,rcp85_max,shifting_rcp45,shifting_rcp85
Annual precipitation (mm/day),4.98,0.26,5.0,4.5,5.27,4.37,5.67,0,0
Extreme precipitation day,2.35,2.16,17.91,2.0,9.52,2.1,11.1,0,0
Annual avg Tmax (C),30.0,0.39,30.54,31.3,31.96,31.91,33.86,3,3
Maximum Daily Precipitation (mm/day),87.06,33.46,95.31,82.9,194.76,92.5,300.13,0,0
SPEI,-0.02,0.27,-0.03,-0.1,-0.73,-0.61,-2.09,1,3
Heating Degree Days,0.0,0.02,,0.0,0.0,0.0,0.0,0,0
Extreme Degree Days,0.0,0.03,,0.0,0.12,0.05,4.19,0,2
Cooling Degree Days,5133.9,420.66,,5977.24,6934.68,6387.72,7936.11,3,3
