,hist_mean,hist_std,1990_2019_mean,rcp45_mean,rcp45_max,rcp85_mean,rcp85_max,shifting_rcp45,shifting_rcp85
Annual precipitation (mm/day),2.8,0.08,2.85,2.98,3.37,3.03,3.34,3,3
Extreme precipitation day,2.12,1.53,3.57,2.89,7.81,3.42,9.38,1,2
Annual avg Tmax (C),17.75,0.33,18.41,20.01,21.8,21.01,24.0,3,3
Maximum Daily Precipitation (mm/day),47.56,14.14,49.66,52.1,101.53,57.59,114.47,1,2
SPEI,-0.0,0.25,-0.05,0.32,-0.52,0.26,-0.65,0,0
Heating Degree Days,5101.68,376.74,,4251.23,5379.15,3959.73,5379.36,0,0
Extreme Degree Days,0.0,0.0,,0.09,2.28,2.71,39.22,3,3
Cooling Degree Days,991.06,139.92,,1564.11,2139.08,1910.7,3128.2,3,3
