,hist_mean,hist_std,1990_2019_mean,rcp45_mean,rcp45_max,rcp85_mean,rcp85_max,shifting_rcp45,shifting_rcp85
Annual precipitation (mm/day),0.91,0.05,0.91,1.0,1.13,1.01,1.18,2,3
Extreme precipitation day,1.22,1.13,0.0,1.58,6.1,1.78,6.33,1,1
Annual avg Tmax (C),15.7,0.4,16.43,18.14,19.35,19.27,23.68,3,3
Maximum Daily Precipitation (mm/day),22.63,8.63,22.77,24.03,52.29,25.42,58.17,1,1
SPEI,-0.0,0.26,-0.03,-0.26,-1.21,-0.54,-1.42,1,3
Heating Degree Days,7268.82,420.84,,6027.38,7397.59,5565.66,7481.0,0,0
Extreme Degree Days,0.0,0.0,,0.0,0.0,0.01,0.53,3,3
Cooling Degree Days,210.72,88.7,,570.72,1046.3,825.74,1851.36,3,3
