,hist_mean,hist_std,1990_2019_mean,rcp45_mean,rcp45_max,rcp85_mean,rcp85_max,shifting_rcp45,shifting_rcp85
Annual precipitation (mm/day),1.45,0.07,1.45,1.57,1.85,1.56,1.86,2,2
Extreme precipitation day,0.72,0.84,4.49,0.94,4.38,1.05,4.81,1,1
Annual avg Tmax (C),12.26,0.36,12.94,14.59,15.75,15.64,19.03,3,3
Maximum Daily Precipitation (mm/day),36.81,14.53,37.55,39.04,94.01,40.85,111.07,1,1
SPEI,-0.01,0.25,-0.03,-0.13,-1.06,-0.41,-1.43,1,2
Heating Degree Days,10296.64,442.03,,8825.35,10307.3,8225.86,10409.62,0,0
Extreme Degree Days,0.0,0.0,,0.0,0.0,0.0,0.0,3,3
Cooling Degree Days,0.92,2.98,,18.7,129.12,88.11,501.35,3,3
