,hist_mean,hist_std,1990_2019_mean,rcp45_mean,rcp45_max,rcp85_mean,rcp85_max,shifting_rcp45,shifting_rcp85
Annual precipitation (mm/day),0.7,0.04,0.7,0.76,0.88,0.76,0.93,2,2
Extreme precipitation day,1.2,1.15,0.1,1.64,6.05,1.79,7.1,1,1
Annual avg Tmax (C),18.48,0.37,19.22,21.04,23.13,22.1,26.36,3,3
Maximum Daily Precipitation (mm/day),20.12,8.18,20.27,22.07,56.91,22.76,58.72,1,1
SPEI,0.01,0.26,-0.03,-0.21,-0.98,-0.52,-1.33,1,3
Heating Degree Days,5437.93,386.04,,4390.76,5646.25,4050.03,5691.22,0,0
Extreme Degree Days,0.0,0.0,,0.11,3.14,6.15,76.51,3,3
Cooling Degree Days,912.62,147.86,,1510.54,2139.29,1850.87,3125.83,3,3
