,NameMnemonic,1995_12mo_avg,1996_12mo_avg,1997_12mo_avg,1998_12mo_avg,1999_12mo_avg,2000_12mo_avg,2001_12mo_avg,2002_12mo_avg,2003_12mo_avg,2004_12mo_avg,2045_12mo_avg,2046_12mo_avg,2047_12mo_avg,2048_12mo_avg,2049_12mo_avg,2050_12mo_avg,2051_12mo_avg,2052_12mo_avg,2053_12mo_avg,2054_12mo_avg,2085_12mo_avg,2086_12mo_avg,2087_12mo_avg,2088_12mo_avg,2089_12mo_avg,2090_12mo_avg,2091_12mo_avg,2092_12mo_avg,2093_12mo_avg,2094_12mo_avg
0,AMB,16.2408078,14.95729213,15.94551104,15.52954143,16.41030553,15.73763321,20.05214088,17.91646421,15.30034925,15.09947379,14.59880334,17.46371761,19.69817272,18.97958733,17.97086561,16.07409467,17.58771158,18.73634836,18.22912218,15.56453024,19.18501018,20.39078082,19.37647009,22.107933,22.65871737,18.41070878,20.22937629,24.16275566,19.42820553,20.83362084
1,AMC,13.57369469,19.56463707,21.11670386,19.40537413,20.95664978,22.22667402,22.489953,21.5354254,21.06837305,17.67661349,19.50938229,20.40910991,18.1399659,18.89680804,18.89147241,19.39556307,20.90762326,20.1763485,22.45487835,20.76581929,21.72435791,28.94400055,29.19866415,30.80473505,30.00399807,28.63201918,31.34491206,30.49389458,30.49030412,26.64485379
2,BAR,13.64718983,12.11453389,11.88206892,13.87515627,12.70695587,12.57511174,17.18681268,13.95859169,13.54037243,11.60011857,12.11414802,14.91987296,16.97676428,16.29198191,14.97718551,12.93560691,14.15961345,16.14657221,15.42040151,12.66501687,17.12036012,18.40532483,16.64958734,17.98905787,18.98655506,16.48276657,16.69199475,21.65125889,17.55101386,17.96995454
3,BLU,17.25848534,16.41772506,16.77934304,16.73479284,17.05356268,16.97153109,21.08542911,19.57938749,16.09733322,17.09001239,16.03379679,19.20628159,21.09692632,20.59812673,20.0173357,17.195903,18.94360439,20.0607772,20.32251584,17.24853434,20.30000511,22.54401438,20.25801202,24.34894961,24.19799835,19.79915987,21.032742,25.42729028,21.59953899,23.19787865
4,BON,29.17853223,31.3895424,31.68724194,31.65371679,31.86859124,32.8517522,32.00542815,31.81190322,33.28892828,32.65977722,30.42605316,30.6722473,29.3844594,31.34502752,32.04641719,31.56089009,30.34802567,31.56431246,31.78955433,32.42150808,29.71820998,32.04422208,32.43832436,33.37322885,32.64675997,32.96905523,32.85344153,33.22095473,33.04856941,33.59818608
5,BUR,3.58321631,2.591029288,2.151398058,2.736759098,3.021449382,2.989922215,3.029958695,4.261023263,2.499236692,2.572618785,2.251047386,2.694062986,2.420736211,2.606915555,3.022134218,2.200006075,2.736096396,2.236774057,2.871086717,4.313470454,3.364683343,2.876608789,3.602445618,4.461551561,4.796660585,4.466446005,3.012121691,3.063396009,3.000257286,3.766235319
6,CAN,3.931564452,3.508721516,3.213061127,3.537657044,4.100681378,4.126987297,4.362622404,5.073313911,3.648263258,3.281198458,2.793191456,3.475218781,3.375605898,3.430737449,3.911782231,2.840183241,3.259440703,2.658986211,3.269472829,5.453537848,4.348827873,3.670133995,4.652343985,5.649507679,6.312639156,5.747571851,3.931510247,3.919659959,3.505250231,5.184394317
7,CNT,16.34191666,14.59413643,11.83191457,12.11701296,17.99617577,14.97362444,18.38572018,17.69337501,17.98248077,21.42777349,15.10821867,18.69023286,20.19215935,18.6014111,17.88365769,19.46794152,18.57591011,16.51897116,16.38619977,16.78096171,18.64552973,20.08472851,18.32063779,19.97299179,26.46400841,18.67017929,20.38022967,22.71360681,18.49960273,20.37459865
8,DUD,8.146726732,6.5923401,7.639082781,7.209645802,9.051847829,7.384122152,9.824021183,9.171493997,6.872331269,7.615167557,7.465344214,9.682647874,10.10783429,11.08458783,9.18702201,7.491831158,8.428692946,10.12505713,9.177585287,6.818661105,9.667850524,10.73003063,10.35124577,10.76557154,13.5222987,9.663486214,10.66078137,12.55829607,10.14194093,10.15322998
9,DUP,7.719402337,6.152513422,7.238561824,6.696641634,8.62831553,6.962875559,9.331481745,8.695621388,6.419960834,7.128773626,7.003032139,9.292923106,9.605762702,10.57465246,8.757473463,7.058715241,7.997207195,9.667969363,8.697178529,6.375621427,9.132772903,10.18599792,9.885151613,10.20357968,13.03608503,9.191797032,10.1735183,11.99571682,9.588077698,9.596052635
10,EDG,16.11147791,15.14386553,15.33333095,12.3200235,18.85170674,17.45238817,19.40789051,19.98960701,17.7855883,19.61435078,11.26329914,15.88461173,17.75503183,18.60776184,17.39409058,11.51243609,15.32548944,13.63330944,17.20344542,22.14918816,19.10759499,18.99398059,16.69260426,17.62261969,24.19567312,18.09860772,17.90482759,21.99923988,15.17559454,22.73381342
11,FCT,13.64530938,13.59098656,14.70656791,14.97738503,10.94496052,12.88535312,11.90206181,13.98441688,17.65739147,13.76780051,13.52088036,12.75198461,13.74690006,14.97419623,18.73370091,15.39545122,16.22862094,14.18140081,15.53286475,15.90733017,18.38475178,18.58809617,16.18121466,14.74214126,18.27974602,15.78177268,18.78368369,20.97982941,20.74497716,18.47766183
12,FER,5.550466834,4.8530443,4.874848041,6.285813986,7.161467016,7.14289669,7.336441631,7.802563276,6.928309246,5.849672335,4.323393817,6.693411492,4.994789261,5.780997599,6.077500118,4.64305132,5.216772764,4.780029843,4.52961727,8.748368777,7.473667091,5.875386529,8.274923271,8.760545852,10.32992229,9.477247499,5.936485874,6.379808938,6.413211947,8.504899933
13,GJO,17.46246439,13.98098522,13.65307335,14.24572495,16.84950018,17.09622705,18.27301777,16.79825066,15.74644487,18.73260793,14.06951864,17.97083929,19.49589081,17.80910996,18.55257166,15.06200451,15.73192508,16.91609051,16.21174379,15.84594102,18.56282873,19.32625571,17.99375198,18.04307623,22.88648105,18.46210576,18.67697097,21.42090743,17.31469603,19.32307255
14,GJT,17.94619253,14.52291992,14.0793203,14.86625378,17.47426888,17.73183964,18.54242914,17.50169873,16.36305834,19.37418929,14.52142417,18.36098205,19.92975712,18.35775082,18.99033978,15.6392115,16.24911671,17.35823332,16.74325148,16.60864538,19.09848597,20.04736303,18.6643848,18.5777794,23.1366889,18.85267043,19.07775393,21.97790304,17.81920622,20.00339365
15,GNO,20.4380004,22.17850849,20.67975289,25.49100736,19.39765994,21.15385867,23.13455489,17.83974273,25.82492905,20.98506579,20.9068252,23.98186628,25.37022497,23.75529628,24.42128015,22.51479413,23.63311696,22.42308283,26.94330956,26.01905382,28.16654988,25.52721518,27.01057149,22.61217834,26.65057023,25.24502332,28.08625916,29.6575302,27.22402853,29.58623144
16,GRJ,17.95831435,14.50192357,14.5749571,14.93224219,17.39415635,17.91572331,18.88156448,17.02889407,15.76373844,18.79587866,14.4711863,18.48816856,19.94972948,18.34739574,18.95487667,15.41592844,15.9152286,17.41132449,16.75438891,16.01912837,19.17903724,19.35794531,18.41997747,18.65660063,24.04297459,18.92179363,19.18830555,21.7798854,18.2233337,20.28317444
17,GRN,24.42896096,21.53173442,19.30512978,21.01357756,23.64153165,23.84848185,24.7433555,23.62534505,24.20159412,25.50842414,21.47442033,25.33797094,26.63617325,24.85834253,23.9933711,23.21558523,22.34807861,23.70743759,22.2593815,22.19239788,24.98365463,25.52839085,23.9262538,24.62348632,30.47882173,25.83925179,25.98717356,28.619617,24.35283716,26.98716777
18,GSB,10.79840044,9.121751584,10.1813477,10.03765759,11.34107171,9.974594093,13.06801731,11.70957634,9.624765314,10.812005,9.862186237,12.83479649,12.63307133,13.32485912,11.49673191,8.985604812,10.97238176,12.73960035,12.2144853,10.21125227,12.19336829,13.83043693,12.90239588,14.12093979,16.10074781,11.8147638,12.76865575,15.39464521,12.51947482,12.91953174
19,GUD,10.86038291,8.179404345,8.737552091,8.315239114,10.14891602,9.524189829,12.19958012,9.944299125,8.537721977,11.04389049,8.301346413,11.51585051,11.97721365,12.49351281,10.7856028,8.233019604,11.04913409,10.94785355,9.906304325,8.83013878,11.87155827,12.31426241,12.96620603,11.55250001,16.58224574,12.37646123,12.22651583,15.39174737,11.85066222,11.86009895
20,GUP,11.58877868,8.838852,9.299477561,8.913332834,11.2684935,10.3022772,13.0245731,10.34573026,9.013217142,11.08923908,8.692866341,11.98867834,12.31398603,12.64022875,11.0130119,8.474152574,11.25344108,10.98674384,10.21645263,9.186848142,12.31854964,13.10623217,13.47445451,12.02661421,16.66146689,12.74501551,12.52371794,15.29227597,12.12559818,12.2346661
21,HAL,14.27885564,13.11307694,17.24865577,16.76447804,17.23713631,15.92844918,16.70620715,20.33454048,19.01430972,14.92489472,7.632772958,14.64879734,12.43293617,14.70916026,12.88578497,7.003832959,10.63669999,8.864127153,10.98709095,24.59842131,14.24385754,14.38645189,13.01635737,12.18569573,16.2169277,17.54392335,15.28612674,15.15787569,15.92565246,23.81029175
22,HAT,22.80063366,20.12105702,20.26066975,20.26268274,23.1080763,20.96663722,23.5073372,23.69308819,21.10282152,23.59879198,21.28169896,24.35411757,24.97892531,24.43387974,23.01844979,22.63391242,22.01910658,23.93773238,23.49683283,20.62444957,24.01950755,25.91708485,23.6530375,25.90816153,29.2378123,22.39914183,24.58883432,28.67000601,24.34014795,27.78758687
23,LKD,9.986432311,9.073653081,7.034215255,7.765489362,9.975220945,9.153025889,7.865780967,10.24791644,9.769636433,13.27460141,8.47272566,10.62446975,11.22541772,9.976359643,8.875006145,8.210208338,9.660466525,7.837960142,9.873350121,11.99040916,10.62352489,12.61657973,9.872096468,11.13383169,12.9291185,12.47033634,11.62456702,10.69625395,11.68477731,9.623288334
24,LKP,10.22414426,9.183824115,7.15558095,7.761697197,10.47171077,9.263874505,7.971690702,10.25293014,9.883752291,13.60741929,8.770622914,10.91019768,11.28460934,10.09238638,9.043990914,8.474842715,9.646995084,8.086410813,10.02606176,12.16369422,10.67428689,12.83143339,10.27760839,11.34786264,13.10290968,12.5647785,11.9150287,10.91365642,11.65294599,9.664462829
25,LOW,8.533701834,7.215901493,7.182551957,7.468142378,9.422875824,10.02326997,6.781192297,8.699863804,9.493067393,12.91366083,7.300073058,10.03206336,10.18896347,8.929469571,9.069670831,7.393436805,8.705910684,7.531060232,9.015855068,11.19720415,8.600057484,11.86085939,10.72453708,10.61088317,12.61011752,11.01138526,11.13805165,9.49641548,9.34093837,9.516447196
26,MAW,16.36006726,14.31469647,11.92262706,14.10666593,15.10070515,15.52252244,18.41447167,15.07985222,15.14179402,18.01936116,12.67016878,17.83354335,18.98625617,17.40329369,17.56067773,14.38816997,14.97781983,14.76873591,14.02925241,15.38932878,17.43056092,18.46182484,17.43909515,15.25669534,22.53843987,16.68838634,18.791179,20.83332,16.13972308,18.11773021
27,MAY,16.31509424,14.28626844,11.87717766,13.98955741,15.06676364,15.48199961,18.35343642,15.01119835,15.0834736,18.00326379,12.62652784,17.79527343,18.94014131,17.34513769,17.53988547,14.37499805,14.94324511,14.71769221,13.991761,15.33389222,17.36556786,18.38660772,17.44165712,15.17623869,22.49300885,16.60042836,18.79922145,20.72749871,16.07093995,18.08451538
28,MND,5.078669681,4.721124975,4.709103717,5.865858929,6.706587876,6.989736096,7.681757102,8.254403853,6.994829579,5.675012552,4.218385656,5.798866376,4.991946959,5.495904359,5.678976254,4.546676257,5.205110125,4.509326649,4.153991201,8.708049736,7.16878898,5.648986558,7.909828935,8.524186727,10.07982101,9.221904971,5.867708089,6.071305094,5.841082234,8.657012357
29,MNT,12.51780265,9.011469841,10.39002617,9.716158421,13.13890747,10.62851822,13.54468784,12.50472033,10.2451504,11.33542307,9.734180993,13.06411323,14.64329003,14.0957407,12.93353834,11.40647471,12.03272434,13.89848397,11.99245836,9.64252984,13.58614651,13.77580673,13.20987489,13.69405509,18.16457814,12.57471988,14.05744302,16.51210691,12.98583018,14.60669439
30,MON,22.6118713,20.42204573,19.55029709,20.5049002,23.14587775,20.35642268,23.64357216,22.95556463,21.22716984,22.46648944,20.21095941,23.99957837,24.23599194,23.88081698,22.47640268,22.59245254,21.74438509,23.77277298,22.52916349,20.5039701,23.99885866,24.80319262,22.89719614,25.06986565,28.88010935,21.34510629,24.46030667,28.15440482,23.32438681,26.80280853
31,NAD,15.68191664,12.30112508,12.03212418,13.05071521,15.00496424,14.55479554,16.89752856,14.80221178,13.16476705,15.38521869,12.54124748,16.90848941,17.84347073,16.86050719,16.43772706,14.55892008,14.41505103,17.09247255,14.74363285,13.4170413,16.37069755,16.88622077,15.77243366,15.72694527,21.06120259,16.14625879,17.1297418,19.69869061,16.04084395,18.37693314
32,NAP,15.64560109,12.33196234,12.18630347,13.28477007,15.02389634,14.63941103,17.26779058,15.13750471,13.1809318,15.1938375,12.36724872,16.8998888,18.07830561,17.22994283,16.525834,14.50537427,14.09355443,17.19303986,14.59511572,12.92556957,16.77606884,16.67844699,15.94052345,15.84855713,21.64006022,15.94523928,17.26765179,19.40749632,16.22877358,18.9638454
33,PIN,7.611552174,6.972946533,6.900288392,5.110821603,7.031018644,6.849198271,5.636536464,6.470679048,5.997753535,5.219896903,7.228953044,6.58646216,6.238827837,6.222167168,6.940335084,7.395243731,7.400756422,8.536627442,6.848901945,5.152440755,7.662708466,7.730659614,7.536276982,7.202344296,8.50378892,7.874370942,8.216181002,6.134806401,7.952297926,5.437824563
34,PIQ,5.366129785,4.650110496,4.812038371,6.120769507,7.104187047,6.554528039,7.201111025,7.997287155,7.533987604,5.175207942,4.471092644,6.397390838,5.291023833,5.845251484,6.126576664,4.163637847,5.592304315,4.374237654,4.556268925,8.719128062,6.890590265,5.711780762,7.633614571,8.688614737,10.17049096,9.39134459,6.649357378,6.661924159,5.908916771,8.829765293
35,PKB,3.822500258,3.621108607,3.32809856,3.4413346,4.94342977,4.491157954,4.671178145,5.059477778,3.947390763,3.454788478,3.07511775,4.051216329,3.525138764,3.546160911,3.827096713,3.117579106,3.600247735,3.364102395,3.274670071,5.073713149,4.746445052,3.955706365,5.053104824,6.005045028,7.621481801,6.67727729,4.145667769,3.669577863,3.457247976,5.866002661
36,RBL,14.14268724,10.96511773,9.83295617,10.87757998,13.13912738,13.32962179,15.93491401,12.80252287,12.37064101,14.17368056,10.06978203,14.6367648,16.70211632,14.50530933,15.08618365,12.33836345,12.82107573,13.15766084,12.07884929,11.96376471,15.47030437,15.61163566,14.44366523,14.14525867,21.64603297,14.96277698,16.14262439,18.34163318,13.62250849,15.62660017
37,RFL,10.79436427,7.479835019,7.457438262,7.61215684,9.941530153,10.22239806,11.99749922,9.85011057,8.946604455,11.14847118,7.23683961,11.87868227,12.21905522,11.06252783,11.2566216,8.37065959,10.00510127,10.45561287,9.512150203,9.162615363,11.54090005,11.52129046,11.45001989,10.62959831,16.62561152,11.44256305,12.28260637,13.35216379,10.24578593,11.78895403
38,RFN,13.27661685,9.331983811,9.631287614,10.04388949,12.18746966,12.76727027,14.71033278,12.28823179,11.25588746,13.56585837,9.222016589,14.36501896,14.55657755,13.20547358,13.84442961,10.33575353,12.43501609,12.69348724,11.89627749,11.28723762,14.01972298,14.58526897,13.73741699,12.81307632,19.03026126,14.17718547,14.23930819,16.26648134,12.71804607,13.97852738
39,RFO,12.93094848,9.139205942,9.339673283,9.687936428,11.94908723,12.45137667,14.18829373,12.11439263,10.96857976,13.32316182,8.952785445,14.01106436,14.23415552,13.01395923,13.47070717,9.995312039,11.99226448,12.32040779,11.53303634,11.06301981,13.60050579,14.15687502,13.54352458,12.57089362,18.72755872,13.77504897,14.05517459,15.88873755,12.44355662,13.78675988
40,RFS,14.72774044,14.08644639,13.18801463,12.39601825,17.31370753,17.69029075,16.9471965,15.83057471,14.52835866,13.52272094,11.77983708,15.38496914,17.88362905,17.34778145,18.24474118,11.34223068,15.4604337,13.79659388,12.50980217,15.02635196,19.58881328,16.78901001,15.0730758,14.67501984,24.31753132,18.53390034,19.54008617,21.2122135,19.6732503,21.91108985
41,RUL,12.72308166,9.592853717,8.6043675,9.034829025,11.6327675,11.50882492,13.94766859,11.44276291,10.7660276,12.19171356,9.524679436,13.85942577,14.26398076,12.91751864,13.18999143,10.18266681,11.61942595,11.92717394,11.12421671,9.905696344,13.07403769,13.37698836,12.96890489,12.36621385,19.56480091,12.79425258,14.10587415,16.5010111,12.32291691,13.62199793
42,RVT,17.74106108,18.16522883,15.95199378,13.83960236,17.00584916,19.32034328,18.37549639,17.27073596,16.97037013,19.2478938,14.72916824,16.06050769,20.34687055,18.67712145,18.68106622,13.73768179,16.74570594,13.42168571,15.79868056,17.95852603,18.46401471,20.12845484,19.05408751,17.80042716,22.5733788,17.87473682,20.17370739,21.34384565,17.95383217,20.78836624
43,SAL,6.638485293,5.060838973,5.006463382,5.629591012,6.143259558,5.922847152,5.800954898,5.267843754,6.070032581,4.591156999,5.737832706,6.288433325,6.406313688,6.585558663,7.559007929,5.730458668,6.765115395,6.846768892,4.674098565,4.9229895,8.732098633,9.17208523,7.428665631,7.849472187,8.577276642,7.099358084,7.312663346,6.575768498,6.013210569,6.868938449
44,SAM,7.147838129,7.388059075,9.93562249,10.2985455,11.58510665,10.31467033,10.19091861,12.31000833,11.34696591,9.530424147,6.810315938,8.819085274,7.151553375,7.514086709,9.043181145,5.269609831,8.265915937,6.179493671,7.564418343,13.14648526,9.674018578,10.20567116,11.17676178,11.11614846,10.72305591,12.86485059,8.707951889,9.710772567,9.405116783,12.94174781
45,SBS,12.99038613,13.54476079,12.0803375,9.538628548,13.96321727,16.29831589,16.63066589,14.2914092,13.49059147,15.71202175,9.792204192,14.01836629,15.99968693,15.45197586,16.09021437,11.31785151,12.03563303,10.96474341,12.74701947,13.66623,14.6194599,16.58271602,13.92000536,14.28051512,22.41669146,12.96155689,16.04121615,20.74431889,13.48028494,16.39906747
46,SHE,11.28106018,9.956576412,12.42874057,10.0945451,12.08689491,12.07688321,10.20634771,12.63662048,14.07912532,17.13851055,11.17985771,11.07237873,12.37403972,11.06774999,12.20974561,10.12615156,12.72881572,10.18825783,12.95856463,13.94690697,11.10699077,13.92164042,13.2860129,14.41867559,11.90126022,12.98820011,13.54790254,10.54875858,11.60215961,12.38197513
47,SHL,20.41169169,17.94598223,15.3990854,14.55006135,22.72203294,18.43323064,20.53676994,21.46176548,19.77421255,23.93733141,18.2756135,20.6447846,21.94025943,19.37050852,19.876672,18.5822926,20.28412511,18.30203593,18.57845073,20.04341541,20.39384413,22.86477446,21.41771998,21.80017765,24.69903466,21.35356411,21.91317228,22.15448857,19.3108456,20.11017218
48,SHP,19.39479384,18.11796556,18.47608041,18.972993,20.66689666,19.20101379,21.55537247,22.57621546,18.13211468,20.01958931,18.84425007,21.23891238,22.92873647,22.77398277,22.00538777,19.0106799,20.29427129,21.36824353,22.35911743,19.78303667,23.25791863,23.43411441,21.81815695,23.92845942,27.00150795,20.42444545,21.52636246,25.97699236,22.58552861,26.17564099
49,SLD,22.44384749,20.86892708,18.96123916,18.76150794,21.82579145,22.72979059,21.44431987,22.01930921,22.76905838,27.12135677,18.83431775,22.09466992,24.675273,22.86043775,22.96422969,20.3710911,21.54498064,19.9713122,21.25233432,23.77590695,23.10719923,24.72256877,26.00327913,24.91323912,28.66809783,23.6100421,23.9055507,24.14579371,21.77837256,24.77178132
50,SLP,17.73198335,16.54159152,14.53527125,14.34925052,18.31608137,18.28816986,17.43571879,18.42167153,18.2044863,22.85436217,15.19317387,17.72124363,22.28655375,19.71928484,20.12451245,18.2540468,17.4726543,16.43157064,16.97171396,19.88474733,19.20268792,21.89230018,21.17430257,20.45385028,25.93868305,21.32436746,20.59577038,21.41367951,17.01413862,20.9759551
51,SPK,17.49252444,18.43286557,17.58636175,13.48429387,19.79020661,22.66183013,20.88965283,20.7538163,17.83838278,20.37263903,13.83202633,17.29680931,21.27269056,19.5618504,21.20589782,14.48428678,16.8191092,14.33698451,19.62520731,22.17123019,20.82922003,21.61329695,19.80098069,20.08008844,27.03674469,18.60139655,20.75807262,24.52087778,18.65029346,25.76829136
52,SRD,18.26029023,14.54957473,15.10989033,16.10848622,17.83305835,16.5192044,19.42820412,17.19956225,15.76960144,16.34587856,14.84055961,19.31084784,20.90638814,19.51500603,18.65369833,16.99992056,17.43267779,19.41568423,16.93023602,14.70306798,19.82981651,19.57177188,18.88100309,19.27615721,25.21932149,18.73012666,20.07726413,22.50508724,18.91323628,21.60768653
53,SRE,18.45957192,14.73868908,15.35138052,16.30517523,18.08145332,16.74256792,19.5668485,17.34169476,15.96977063,16.37448427,15.02894358,19.56744829,21.19081987,19.7312724,18.7416663,17.13988312,17.56827217,19.5853854,17.09190775,14.8468326,20.11797475,19.8673935,19.08396201,19.57950896,25.54509209,18.94539535,20.28131087,22.80969583,19.06006395,21.74994544
54,SRW,18.66101119,14.94324118,15.5425708,16.59155535,18.28651731,16.97624458,19.7735747,17.5088948,16.20782625,16.53644514,15.21897749,19.83906899,21.44373078,19.91831221,18.9453864,17.37070537,17.77413216,19.80669385,17.24831599,15.03060042,20.36522492,20.05531419,19.27518313,19.80038733,25.80762605,19.13678692,20.507202,23.04530682,19.26176931,21.9990348
55,TUB,23.15819286,20.32378633,20.03666514,18.35772147,23.39437353,20.79284441,25.34338512,23.55959728,20.51277281,22.92682054,21.18131626,25.14412061,25.00202603,24.54548256,22.98227011,23.90031322,23.07899755,25.98978127,23.51151549,21.02265417,25.26009333,24.82686182,24.65781643,27.76642932,30.85865754,21.98126064,24.75079035,30.0698695,25.02926698,28.6136631
56,WEL,10.36409553,8.779559558,11.83279326,11.73403537,11.96340095,10.06339805,10.34404364,12.7038701,12.97345952,9.800056466,6.07197685,9.61437999,6.862814315,9.927874254,8.767979972,5.40976599,8.759768217,7.023086566,7.733767579,14.8648254,9.953106883,8.674826176,10.8186703,10.87755214,12.48751137,12.92582701,10.22779398,11.48430774,11.09798026,14.02844552
57,WYN,6.267199505,6.335160603,5.055353922,5.508226932,6.072185072,5.616831244,6.275120285,6.025091447,5.839662456,5.145233533,6.313897549,6.23121035,6.194446397,5.625171364,6.09404269,5.141188124,5.774408482,5.110686401,5.951590965,6.999275663,6.628765425,6.72415016,5.79547436,6.627918789,8.014791135,6.876344218,7.376833805,6.367583748,6.204677763,7.433645597
58,ADR,5.767192781,5.372873967,5.465680551,6.770412721,9.811147505,8.666124056,7.974054641,9.777703196,8.446059541,7.401062118,5.139173955,7.570895638,6.059333158,5.761024525,7.151187139,4.439230504,7.144118716,4.583893948,6.830954021,10.47534424,7.995866522,7.587780998,8.249584346,10.10717458,10.3855039,10.73318313,7.793209948,8.414862341,6.960788162,10.78682381
59,ALP,3.76705905,3.075513578,2.893224769,3.471212247,3.968686578,3.92067604,4.229962757,4.951293917,3.310052549,3.206552862,2.629720441,3.236954201,3.207447768,3.109139617,3.756783101,2.605272275,3.145961885,2.453548657,2.979873858,4.974750384,3.686941408,3.284014936,4.467609902,5.196994747,5.721618988,5.439119697,3.6312852,3.688668345,3.266575531,4.764683783
60,AOR,7.568527623,7.015375979,7.666641153,5.642628753,7.965526647,7.405304811,6.277985885,8.495259913,7.772056151,10.70304292,6.84407224,8.524319844,8.37222243,7.678481798,7.270196292,6.159706937,7.80743082,6.584892473,8.18212415,9.288288216,7.214438013,8.906397043,7.945541286,8.336170663,8.862323094,9.408235079,8.658676669,7.082103952,7.141921101,8.876882905
61,APC,10.18669034,7.962759015,9.173338,10.10469932,10.28037718,8.730187552,12.92224374,10.58553509,10.1596259,8.692319054,7.812962793,10.85871737,12.55910327,11.65037408,10.88510142,7.688305527,10.84484533,11.2766248,11.50984167,10.35638242,13.60207489,13.24062331,12.69195146,12.5773271,15.43132397,13.9277575,12.79252061,16.29574171,13.03366063,13.00702787
62,BAY,10.89551608,8.726770752,9.973749204,10.8633966,11.04573279,9.531688577,13.83530971,11.42348738,10.92634612,9.564630943,8.435086333,11.56565496,13.40462505,12.50822285,11.65709,8.381253107,11.62466635,12.0945371,12.3292964,11.14549961,14.4147659,14.17276129,13.60262615,13.47748174,16.50099857,14.82368542,13.63820833,17.27878256,13.9431108,14.0576721
63,BCA,10.2296933,9.044512014,7.837723992,9.156011618,11.88287734,8.783189307,9.605951077,10.75609513,10.86010927,11.50357166,8.123436902,10.57762172,9.961053417,12.22732132,9.984226084,10.01459289,9.688221699,8.609324825,9.328805953,10.97151548,9.266204535,11.39487129,10.83009229,12.66127281,12.67983864,10.07340399,11.25927638,12.22489423,11.94275759,9.084423531
64,BEV,5.917605717,5.951179902,5.890434865,5.699559545,6.901791595,6.152789996,6.713096507,6.278277801,6.029879522,4.423388749,6.84340973,5.861074574,7.186164649,6.965782485,6.235439308,5.430108006,5.821559247,5.753431302,6.722594228,6.880760622,7.649573187,7.540149358,5.67925677,7.544704768,7.906023002,7.069236481,6.554524821,6.727073415,7.795324544,6.603526883
65,BRP,19.67699497,18.2533456,16.59309167,16.35896752,21.25882507,17.67560352,19.4129908,21.21283972,21.34375001,23.52754299,17.91110225,20.32580061,20.70324092,21.90346325,20.65778446,19.83512252,21.48181005,18.19203907,22.43103828,22.49244984,20.22559655,22.87097133,21.95958479,24.23876466,25.71952433,22.44279636,22.7790183,23.63117599,23.06099234,22.34841356
66,BUF,3.97198271,3.986560873,3.452610831,4.760393627,4.816997431,5.295837607,4.698248813,5.258998857,3.828293951,3.988539455,3.152086365,4.200976923,3.8239025,3.855190711,4.65380888,3.24944572,4.008055309,3.457062726,4.427503367,5.66161159,4.672473831,4.837107707,5.085337812,6.085741641,6.954513992,6.89898823,4.699776838,5.120036297,4.612739864,6.154217997
67,CHM,17.44267975,15.90805312,15.63171072,18.60198813,16.15792577,16.42463464,20.77840022,18.40929633,17.44627859,15.39466014,17.28163102,19.55257905,21.13428868,18.60431564,19.91296144,17.39656158,18.49298876,18.885482,20.7610647,18.39926237,23.1870412,23.27628104,20.8964697,21.43548575,24.53739474,20.77014002,20.53685149,24.94785978,21.84364243,23.04585716
68,CHN,6.81061856,7.092265933,8.438550351,8.862530727,10.22893411,9.039628133,8.999571889,10.81247093,9.562221607,8.252277061,6.318660816,7.551720517,6.419101551,7.212675924,8.586189444,5.045116772,7.028196103,6.278096131,7.034543567,11.8913777,8.436136003,9.355582257,9.801449764,9.579419227,9.773477657,10.84453946,8.138719359,8.958458278,8.306594992,10.95312603
69,CHS,6.630382723,6.910365996,8.226214119,8.651383995,9.956195158,8.788307945,8.756940525,10.50231535,9.289918032,8.086754874,6.184403055,7.383909334,6.284122469,7.048157396,8.361004216,4.936388593,6.862767724,6.107413626,6.888726297,11.65003227,8.261432891,9.152103351,9.599700334,9.358559856,9.516500266,10.59300413,7.95442421,8.797703409,8.112322661,10.73494902
70,COE,5.304140613,4.924804674,4.845978927,5.255677906,6.481694704,5.907169756,6.749292578,6.924432517,6.41109342,5.361092309,4.638776996,5.689048001,5.532731018,5.571473598,5.89967534,4.505807307,5.346129077,4.720772155,4.820304626,8.532885825,6.346518859,5.58954763,7.384921755,8.455185894,9.226464352,8.958814788,6.301281633,5.874752983,6.04374502,8.552077741
71,FFO,5.479977491,4.974997621,4.951334348,6.258084721,6.997833824,7.08269035,7.726361145,8.042314514,7.260010469,5.816102057,4.41552373,6.854044059,5.119402725,5.923656867,5.814162881,4.826245589,5.419708565,4.878760434,4.671084987,8.886213403,7.597005916,6.108922653,8.419532643,9.075418279,10.12720437,9.70221208,6.005112139,6.335204739,6.471956406,8.900714053
72,GRC,10.3526147,9.746389131,11.78495549,12.18923649,12.83130839,10.92925112,11.07162299,13.7268199,12.76355003,11.00662063,7.528915004,10.14271872,7.89056552,10.60636833,9.76356947,6.991813396,9.717498265,8.476788307,8.89962878,16.03615792,11.11523316,10.0906167,11.81269609,11.82631684,13.65852413,13.88491971,11.80390348,12.16489244,11.53748506,14.88776687
73,HAO,5.458972694,4.904365961,4.915048519,6.173235038,6.966464027,7.064453154,7.659278269,7.956959103,7.14780329,5.782066584,4.382507202,6.705561565,5.020944799,5.913946833,5.802174555,4.752800702,5.412695572,4.781823526,4.647174994,8.788108206,7.528040359,5.985238483,8.34372607,9.009209656,10.12694347,9.615569545,5.892006862,6.301181927,6.413527332,8.843546043
74,INO,5.398115318,5.666115643,5.738366539,5.678150364,6.16594987,6.048919308,5.908552462,5.827232058,5.430345867,4.415124618,5.789573244,5.419030096,5.348179868,5.802763733,5.52077095,5.034109036,5.237012299,5.273778196,6.188459775,6.566773399,6.959265683,6.415843015,5.667425328,6.213351267,7.370007758,6.739157569,6.20854679,6.05554507,6.56118256,6.739864474
75,JEC,7.957522541,8.096078523,6.890195654,6.834604944,7.546200106,7.555399165,7.537886725,8.042245169,7.40346856,7.069544927,7.48973577,7.770109992,7.731206945,7.4922202,7.693483807,6.726442933,7.086561447,6.447821735,7.641310001,8.928269677,8.192287236,8.452971064,7.509616223,8.664165373,9.284144427,8.440734126,8.914934972,8.060178037,7.489824026,8.703307945
76,MAD,10.36466532,9.753195349,11.78788241,12.18982069,12.83754782,10.93296417,11.07332907,13.73352995,12.77653008,11.01184364,7.533977822,10.15507142,7.901987909,10.61834802,9.772453403,7.000868283,9.721980473,8.482064547,8.906518402,16.03813699,11.12196447,10.10258035,11.81720853,11.83387435,13.66751175,13.89077744,11.81598421,12.1783866,11.5496626,14.89295541
77,NFV,4.27107142,4.013150306,3.547931996,4.647222257,4.689538268,4.574080407,4.498456883,5.394150216,3.864386672,3.76773178,3.30202564,4.291720303,4.362211214,3.961007765,4.965165692,3.221280139,4.006906466,3.204440855,4.701772522,5.860534885,4.771829786,4.919929066,4.897897038,6.045481923,6.91338216,6.545730514,4.552484274,4.929008027,4.314735648,6.413072819
78,NWB,7.842688435,7.406691863,6.393549732,6.581036428,7.417066806,6.771466353,7.030348418,7.561845273,6.88282159,6.680128826,6.903132525,7.316856756,7.21930308,7.285980828,7.105512761,6.498249584,7.157906777,6.473605254,7.317166576,8.412095365,8.338537766,7.923432797,6.983632383,8.275623158,8.768398561,8.057269496,8.265143536,7.908809332,7.475265433,8.441601231
79,NYN,8.263705311,8.291080292,7.27911568,7.316663013,7.960062605,8.102579091,8.008217622,8.354518972,7.677093349,7.311300579,7.805718682,8.030317535,8.27100045,7.650175121,7.856070318,6.892265376,7.323917613,6.877672518,8.010436723,9.395844827,8.291514844,8.65317688,7.700448352,8.936253403,9.65875359,8.489588224,9.155982514,8.527191564,7.891214835,8.760529221
80,ORW,4.793391311,4.166444583,3.475380272,4.104003401,5.234671322,4.884230251,5.190877282,5.89220514,4.856075148,3.258063102,3.680969138,4.304708696,3.468966365,3.839864803,4.434466266,4.006324722,4.783057839,4.484764479,3.769591645,4.759464516,5.10811467,5.796047291,5.249513144,5.555599126,6.923248006,5.56752711,4.61478697,5.343410323,4.130415778,6.919131257
81,OXO,5.284791257,4.669951281,4.721422895,5.906963404,7.031397323,7.442902035,7.364828452,7.913988418,6.946061195,5.733612175,4.405934662,6.408414466,4.666292193,5.924631011,5.86212483,4.301852161,5.492320375,4.388145371,4.457150302,8.960698867,7.294919806,5.558318771,8.335680377,9.233344821,9.906913832,9.255741347,5.403834117,6.219415603,6.399931462,8.543849762
82,SCT,4.963229278,4.669350398,4.220315045,4.583997183,4.994141531,4.636222693,5.031164695,4.796247923,4.385790691,4.079510843,4.611598541,3.97589557,4.737546663,4.116910042,4.759098092,3.774191827,4.266162058,3.910783951,4.847541659,5.477073876,5.23786771,5.184326582,4.67435269,5.130268477,5.45603724,5.350417179,5.556701696,4.48400218,5.246978049,5.594334462
83,SPP,4.998791036,4.081300601,3.678003471,4.433523531,5.066845916,4.868044819,5.160188524,5.984487912,4.200968272,4.300317966,3.653027517,4.339135454,4.426639011,4.600315726,4.966907853,3.764663778,4.15464696,3.573842818,4.527164996,6.710622887,5.047069339,4.703783407,5.718346745,6.429442167,6.805833453,6.357781775,5.109700255,5.222719272,4.583802613,5.833311467
84,TLO,6.55786437,6.280472247,6.50574006,6.98527603,9.072009565,8.449557767,8.190900278,9.336093812,7.47367654,7.235589046,6.124543872,7.74744575,6.979722658,6.974162169,7.482501386,4.928254811,7.039013694,5.294642407,6.831487224,10.35523605,8.643443992,8.041805135,9.291111513,9.618828889,10.45801027,10.64931139,7.600307906,9.141727206,7.298523529,10.7860286
85,TN1,4.414866467,4.389776707,3.821759173,5.133664334,5.447963416,5.935002115,5.196290612,5.7139018,4.11877164,4.388236497,3.717027461,4.752683223,4.817528117,4.158438698,5.515363445,3.876258246,4.507984577,3.679260043,5.1121492,6.447347022,5.362035144,5.539516567,5.530217682,6.486630422,7.404476498,7.399942613,5.484604952,5.550150264,5.197936312,6.413398057
86,TN2,4.424568006,4.402250519,3.83792766,5.141441514,5.47543121,5.955980504,5.21156518,5.725447493,4.137293227,4.410709279,3.737557525,4.773191456,4.83051835,4.175089065,5.529022517,3.896022894,4.525535481,3.694129811,5.131570346,6.473765125,5.373874109,5.557695922,5.548729145,6.495668,7.423884561,7.40612536,5.508867538,5.561457772,5.218809907,6.438725502
87,PAI,2.559545232,2.403954525,2.218208197,3.036890968,3.563863799,3.32477187,3.063321565,3.963824405,2.776430368,2.606136855,2.02374347,2.847688145,2.339783311,2.450812651,3.151602368,1.900194318,2.714428639,2.304401564,2.52684757,3.69913207,3.228212897,3.06030666,3.929185302,4.223828637,4.427726717,4.69718621,2.947937231,3.304423374,2.856848404,4.085123662
88,TON,4.406964063,4.385391478,3.808161227,5.137976684,5.419962443,5.919967427,5.183544911,5.708072813,4.104092875,4.372436657,3.700364497,4.731205963,4.809299035,4.149757261,5.495995899,3.85753006,4.493869948,3.675217685,5.095853764,6.418694013,5.352176973,5.525707336,5.514819799,6.484036309,7.388258246,7.397063519,5.458943308,5.546433059,5.184642653,6.389746181
89,WIN,5.376063073,5.289955513,5.125884859,5.228594894,5.933615748,5.783887611,5.414160407,5.886750144,5.113650313,4.210796374,5.075601407,5.102265763,5.356493702,5.494415323,5.168052039,4.661583198,5.109924934,4.810252642,5.799554817,6.21671405,6.626685321,6.176349277,5.372519574,5.831881266,6.761717712,6.635198543,6.336337802,5.283943206,6.038435879,6.45364468
90,ATT,4.910768042,4.710704237,4.817806195,4.348703955,5.629362418,4.912328596,5.125927112,4.971101093,4.907215553,3.936783897,5.018821671,4.526064101,6.085918694,5.347875367,5.495141451,4.265701746,4.590887979,4.573613663,5.567879072,5.676772286,6.485522364,5.914083876,4.648166621,5.39050297,5.980422638,5.727353264,5.199332536,4.673364841,5.74798024,5.473243121
91,LEH,20.62985214,18.57891575,16.20237094,17.27914901,22.35694743,17.70889268,19.18128985,22.23678174,21.49608674,23.59050134,16.5544286,20.54938477,20.29135846,23.70233952,19.60618017,18.78060221,18.79002583,17.0084472,19.62209304,23.05822101,19.64498529,22.85203008,20.71179146,24.54855448,25.59873237,21.10935704,21.46577322,22.66226536,23.81788444,20.398456
92,MAX,3.791164056,3.73295289,3.454168681,3.626191166,5.203239756,4.402421013,5.153160941,5.12358855,4.118555923,3.119129006,3.250070923,3.871167504,3.58629209,3.921421959,4.325357174,3.3826854,3.94935517,3.97484965,3.000599365,4.9233927,4.639990345,3.991684047,5.151829212,6.111292323,7.51936522,6.607352423,4.014931503,4.798987314,4.02835565,6.283270499
93,GJC,17.46246439,13.98098522,13.65307335,14.24572495,16.84950018,17.09622705,18.27301777,16.79825066,15.74644487,18.73260793,14.06951864,17.97083929,19.49589081,17.80910996,18.55257166,15.06200451,15.73192508,16.91609051,16.21174379,15.84594102,18.56282873,19.32625571,17.99375198,18.04307623,22.88648105,18.46210576,18.67697097,21.42090743,17.31469603,19.32307255
94,GAC,17.84597604,14.52202416,13.79577113,14.80079276,17.1915018,17.48771879,18.42993213,17.39882327,16.07284802,19.08537969,14.58166473,18.52809569,19.69670933,18.27821629,18.75327348,15.58590791,16.34230581,17.26284286,16.50541313,16.29006485,18.79851097,19.6227802,18.28934647,18.41408755,23.31940237,18.48240155,18.95153574,21.64341566,17.67439061,19.72864881
95,GNC,17.12353022,16.15786182,16.59419135,16.61231322,16.69055658,16.78871786,20.97196537,19.26134006,16.02859663,16.85543337,15.73112327,18.85874357,20.85014593,20.27888013,19.88739506,16.95724969,18.79710401,19.94948286,20.01452393,17.08750474,20.23464227,22.17254095,20.03552302,23.86836501,23.717801,19.36075437,20.53936009,25.09516841,21.26655739,22.81967986
96,GWC,14.00740567,14.14882953,15.95239023,14.80315543,10.35228318,14.48528421,12.23708034,13.63750161,16.88327482,13.15223795,13.72283142,13.55087897,15.11703703,14.57937543,18.18795349,15.30851453,16.70324155,14.84828928,17.14836621,15.71428528,18.64455049,19.03779463,16.08056735,15.60628208,18.03535781,16.7999265,18.61627188,21.09038952,21.45807541,18.83719811
97,CSC,18.21703961,19.81182845,18.29983654,13.43315155,19.68894933,21.84958369,20.93754271,20.30490725,18.03133179,20.53514064,14.30526665,18.76409382,22.67028129,20.92982177,21.27180013,15.76317268,16.38459752,14.6337074,18.84145352,20.94471449,20.39283671,21.87122407,21.41960672,19.80486307,26.96873013,19.47720079,22.11642005,25.76340377,18.52377507,23.731204
98,CLN,4.700563209,5.060363361,4.70552088,4.926214213,5.245675918,5.066106333,4.852347984,5.054297132,4.459974796,4.215369534,4.417185214,5.231798666,4.416978404,4.874457436,4.475879245,3.957937039,4.635684933,3.835684083,5.154961634,6.155474057,5.961137396,6.298813144,5.572299442,5.520885201,6.589211755,5.684147386,5.707423903,5.4982033,5.684699188,6.520210575
99,BRO,16.31531222,13.58180817,12.53708673,12.97135082,15.19594222,16.01049932,17.77097526,14.92512763,14.46353851,17.34645203,12.17705961,17.17065545,19.43995419,16.73065654,17.20717632,14.03046354,14.65385007,15.68839354,14.36330105,13.78539384,17.42982401,18.42605561,16.7998993,15.90992879,23.33098957,16.95214544,18.5136298,20.91832902,15.47562229,18.21488075
100,PSC,15.786653,15.32607472,14.94381219,14.28741162,18.52878879,17.69582262,14.2157361,16.08218466,17.32927463,23.42149291,15.80874131,17.61425731,18.02797167,17.47002476,16.36773297,15.29384671,17.57155541,15.58193218,16.53705192,18.71992687,16.51220204,20.97278788,19.26766617,18.86827824,20.51045737,18.22275458,19.77486746,17.93532719,17.1887813,18.06335175
101,PGD,15.82103469,15.36103473,18.06626252,15.45208495,17.38026426,16.56137126,16.81042533,19.64610235,21.11814158,22.78394795,14.06273688,17.5610818,17.251179,16.70141824,14.62170748,10.38596566,14.42749725,12.66716342,18.37532985,21.06053199,15.81127558,19.83497609,17.80797561,19.43850257,18.65776979,19.03126079,14.93883544,17.37931287,15.70081382,22.1885455
102,UTA,20.79678657,19.21187204,16.27333154,17.33612706,19.4659112,20.81148343,21.97631891,20.18388831,19.73702185,21.96904915,16.79016688,21.13190273,23.40418979,21.01189889,19.64375224,17.90620719,18.46882101,18.79576763,17.48046489,18.45691864,20.32516536,21.1265637,19.81579313,20.61477405,26.05335055,21.74014838,21.84691518,24.90900105,19.6745371,22.99513194
103,TTR,22.36211862,20.46452251,19.64542466,17.62059609,25.34062446,21.91687557,25.62743668,25.43120453,24.51453699,27.21948409,21.15890039,25.75466485,26.75592625,23.91543606,23.9895657,25.62660871,26.12764828,22.66222505,22.91313112,23.78011857,24.44195073,26.05799687,25.395822,26.12113506,32.60603785,23.16156341,26.57851715,29.43398037,25.53403843,27.82685439
